idEntretien,date_,nomMachine,numOrganisation,codeTenrac
1,2026-01-01,Alpha,1,201
2,2026-01-05,Beta,6,202
3,2026-01-10,Gamma,7,204
4,2026-01-15,Delta,1,207
5,2026-01-20,Epsilon,8,209
6,2026-01-25,Zeta,9,211
7,2026-02-01,Eta,2,216
8,2026-02-05,Theta,10,219
9,2026-02-10,Iota,3,201
10,2026-02-15,Kappa,11,202
11,2026-03-01,Lambda,4,204
12,2026-03-05,Mu,12,207
13,2026-03-10,Nu,5,209
14,2026-03-15,Xi,13,211
15,2026-03-20,Omicron,14,216
16,2026-04-01,Pi,15,219
17,2026-04-05,Rho,16,201
18,2026-04-10,Sigma,17,202
19,2026-04-15,Tau,18,204
20,2026-04-20,Upsilon,19,207